Paddle Number,Paddle End (A/B),Paddle End Location,Panel Number,Panel Center,Paddle Location in Panel ,Cable length (cm),RAT Number,LTB Number-Channel,RB Number-Channel,DSI Card Slot,LTB Harting Connection,RB Harting Connection,PB Number-Channel,PB controlled by which RB,LTB controlled by which RB,Panel Type,RB Harting connection split
,,relative to paddle center,diagrams of panel locations (up to date as far as I know) can be found here      ,*need to get this + determine origin,*need to get actual measurements,Signal cables -- pwr cables have different lengths,comes from this spreadsheet,LTB Number = RAT Box Number. Matches PB Number-Channel. comes from this spreadsheet SMA-LG tabs,"RB Numbers are based on BOARD ID (not RAT). RAT-RB connection comes from this spreadsheet SMA-HG tabs, but need to determine actual RB IDs in the positions RB1 and RB2 and use this diagram to get RB channel.  should now be correct",assigned by SNF July 2023,assigned by SNF July 2023,assigned by SNF July 2023,"PB Number = BOARD ID (not RAT). connection comes from this spreadsheet, but need to know actual PB ID in the RAT for proper lookup table to be used.",PB is controlled by the RB closest to it in the stack (RB2 from this diagram) ,LTB is controlled by the RB closest to it in the stack (RB1 from this diagram) ,"cube top, cube side, cortina, umbrella, corner, cube bottom","Y-split for RB Harting cable, A || B ""A"" is RB1/closer to LTB. ""B"" is RB2/closer to the PB"
1,A,+Y,1,,+6X,330,8,8-11,25-05,2,J3,J3,04-11,16,25,cube top,A
1,B,-Y,1,,+6X,330,8,8-12,25-06,2,J3,J3,04-12,16,25,cube top,A
2,A,+Y,1,,+5X,330,8,8-09,16-05,2,J3,J3,04-09,16,25,cube top,B
2,B,-Y,1,,+5X,330,8,8-10,16-06,2,J3,J3,04-10,16,25,cube top,B
3,A,+Y,1,,+4X,330,8,8-07,25-03,2,J3,J3,04-07,16,25,cube top,A
3,B,-Y,1,,+4X,330,8,8-08,25-04,2,J3,J3,04-08,16,25,cube top,A
4,A,+Y,1,,+3X,375,8,8-05,16-03,2,J3,J3,04-05,16,25,cube top,B
4,B,-Y,1,,+3X,375,8,8-06,16-04,2,J3,J3,04-06,16,25,cube top,B
5,A,+Y,1,,+2X,375,8,8-03,25-01,2,J3,J3,04-03,16,25,cube top,A
5,B,-Y,1,,+2X,375,8,8-04,25-02,2,J3,J3,04-04,16,25,cube top,A
6,A,+Y,1,,+1X,375,8,8-01,16-01,2,J3,J3,04-01,16,25,cube top,B
6,B,-Y,1,,+1X,375,8,8-02,16-02,2,J3,J3,04-02,16,25,cube top,B
7,A,+Y,1,,-1X,375,16,16-16,46-08,4,J1,J1,12-16,46,44,cube top,B
7,B,-Y,1,,-1X,375,16,16-15,46-07,4,J1,J1,12-15,46,44,cube top,B
8,A,+Y,1,,-2X,375,16,16-14,44-08,4,J1,J1,12-14,46,44,cube top,A
8,B,-Y,1,,-2X,375,16,16-13,44-07,4,J1,J1,12-13,46,44,cube top,A
9,A,+Y,1,,-3X,375,16,16-12,46-06,4,J1,J1,12-12,46,44,cube top,B
9,B,-Y,1,,-3X,375,16,16-11,46-05,4,J1,J1,12-11,46,44,cube top,B
10,A,+Y,1,,-4X,330,16,16-10,44-06,4,J1,J1,12-10,46,44,cube top,A
10,B,-Y,1,,-4X,330,16,16-09,44-05,4,J1,J1,12-09,46,44,cube top,A
11,A,+Y,1,,-5X,330,16,16-08,46-04,4,J1,J1,12-08,46,44,cube top,B
11,B,-Y,1,,-5X,330,16,16-07,46-03,4,J1,J1,12-07,46,44,cube top,B
12,A,+Y,1,,-6X,330,16,16-06,44-04,4,J1,J1,12-06,46,44,cube top,A
12,B,-Y,1,,-6X,330,16,16-05,44-03,4,J1,J1,12-05,46,44,cube top,A
13,A,-Y,2,,+6X,240,10,10-02,11-02,2,J5,J5,15-02,1,11,cube bottom,A
13,B,+Y,2,,+6X,240,10,10-01,11-01,2,J5,J5,15-01,1,11,cube bottom,A
14,A,-Y,2,,+5X,265,10,10-04,01-02,2,J5,J5,15-04,1,11,cube bottom,B
14,B,+Y,2,,+5X,265,10,10-03,01-01,2,J5,J5,15-03,1,11,cube bottom,B
15,A,-Y,2,,+4X,265,10,10-06,11-04,2,J5,J5,15-06,1,11,cube bottom,A
15,B,+Y,2,,+4X,265,10,10-05,11-03,2,J5,J5,15-05,1,11,cube bottom,A
16,A,-Y,2,,+3X,295,10,10-08,01-04,2,J5,J5,15-08,1,11,cube bottom,B
16,B,+Y,2,,+3X,295,10,10-07,01-03,2,J5,J5,15-07,1,11,cube bottom,B
17,A,-Y,2,,+2X,295,10,10-10,11-06,2,J5,J5,15-10,1,11,cube bottom,A
17,B,+Y,2,,+2X,295,10,10-09,11-05,2,J5,J5,15-09,1,11,cube bottom,A
18,A,-Y,2,,+1X,330,10,10-12,01-06,2,J5,J5,15-12,1,11,cube bottom,B
18,B,+Y,2,,+1X,330,10,10-11,01-05,2,J5,J5,15-11,1,11,cube bottom,B
19,A,-Y,2,,-1X,330,14,14-05,41-03,3,J4,J4,07-05,41,42,cube bottom,B
19,B,+Y,2,,-1X,330,14,14-06,41-04,3,J4,J4,07-06,41,42,cube bottom,B
20,A,-Y,2,,-2X,295,14,14-07,42-03,3,J4,J4,07-07,41,42,cube bottom,A
20,B,+Y,2,,-2X,295,14,14-08,42-04,3,J4,J4,07-08,41,42,cube bottom,A
21,A,-Y,2,,-3X,295,14,14-09,41-05,3,J4,J4,07-09,41,42,cube bottom,B
21,B,+Y,2,,-3X,295,14,14-10,41-06,3,J4,J4,07-10,41,42,cube bottom,B
22,A,-Y,2,,-4X,265,14,14-11,42-05,3,J4,J4,07-11,41,42,cube bottom,A
22,B,+Y,2,,-4X,265,14,14-12,42-06,3,J4,J4,07-12,41,42,cube bottom,A
23,A,-Y,2,,-5X,265,14,14-13,41-07,3,J4,J4,07-13,41,42,cube bottom,B
23,B,+Y,2,,-5X,265,14,14-14,41-08,3,J4,J4,07-14,41,42,cube bottom,B
24,A,-Y,2,,-6X,240,14,14-15,42-07,3,J4,J4,07-15,41,42,cube bottom,A
24,B,+Y,2,,-6X,240,14,14-16,42-08,3,J4,J4,07-16,41,42,cube bottom,A
25,A,-Y,3,,+4Z,295,8,8-14,16-08,2,J3,J3,04-14,16,25,cube side,B
25,B,+Y,3,,+4Z,295,8,8-13,16-07,2,J3,J3,04-13,16,25,cube side,B
26,A,-Y,3,,+3Z,265,8,8-16,25-08,2,J3,J3,04-16,16,25,cube side,A
26,B,+Y,3,,+3Z,265,8,8-15,25-07,2,J3,J3,04-15,16,25,cube side,A
27,A,-Y,3,,+2Z,265,9,9-12,08-06,2,J4,J4,13-12,8,30,cube side,B
27,B,+Y,3,,+2Z,265,9,9-11,08-05,2,J4,J4,13-11,8,30,cube side,B
28,A,-Y,3,,+1Z,240,9,9-10,30-06,2,J4,J4,13-10,8,30,cube side,A
28,B,+Y,3,,+1Z,240,9,9-09,30-05,2,J4,J4,13-09,8,30,cube side,A
29,A,-Y,3,,-1Z,240,9,9-08,08-04,2,J4,J4,13-08,8,30,cube side,B
29,B,+Y,3,,-1Z,240,9,9-07,08-03,2,J4,J4,13-07,8,30,cube side,B
30,A,-Y,3,,-2Z,240,9,9-06,30-04,2,J4,J4,13-06,8,30,cube side,A
30,B,+Y,3,,-2Z,240,9,9-05,30-03,2,J4,J4,13-05,8,30,cube side,A
31,A,-Y,3,,-3Z,210,9,9-04,08-02,2,J4,J4,13-04,8,30,cube side,B
31,B,+Y,3,,-3Z,210,9,9-03,08-01,2,J4,J4,13-03,8,30,cube side,B
32,A,-Y,3,,-4Z,210,9,9-02,30-02,2,J4,J4,13-02,8,30,cube side,A
32,B,+Y,3,,-4Z,210,9,9-01,30-01,2,J4,J4,13-01,8,30,cube side,A
33,A,+X,4,,+4Z,265,12,12-10,39-08,3,J2,J2,22-10,39,40,cube side,B
33,B,-X,4,,+4Z,265,12,12-09,39-07,3,J2,J2,22-09,39,40,cube side,B
34,A,+X,4,,+3Z,240,12,12-08,40-08,3,J2,J2,22-08,39,40,cube side,A
34,B,-X,4,,+3Z,240,12,12-07,40-07,3,J2,J2,22-07,39,40,cube side,A
35,A,+X,4,,+2Z,240,12,12-12,39-06,3,J2,J2,22-12,39,40,cube side,B
35,B,-X,4,,+2Z,240,12,12-11,39-05,3,J2,J2,22-11,39,40,cube side,B
36,A,+X,4,,+1Z,240,12,12-06,40-06,3,J2,J2,22-06,39,40,cube side,A
36,B,-X,4,,+1Z,240,12,12-05,40-05,3,J2,J2,22-05,39,40,cube side,A
37,A,+X,4,,-1Z,210,12,12-14,39-04,3,J2,J2,22-14,39,40,cube side,B
37,B,-X,4,,-1Z,210,12,12-13,39-03,3,J2,J2,22-13,39,40,cube side,B
38,A,+X,4,,-2Z,210,12,12-04,40-04,3,J2,J2,22-04,39,40,cube side,A
38,B,-X,4,,-2Z,210,12,12-03,40-03,3,J2,J2,22-03,39,40,cube side,A
39,A,+X,4,,-3Z,210,12,12-16,39-02,3,J2,J2,22-16,39,40,cube side,B
39,B,-X,4,,-3Z,210,12,12-15,39-01,3,J2,J2,22-15,39,40,cube side,B
40,A,+X,4,,-4Z,180,12,12-02,40-02,3,J2,J2,22-02,39,40,cube side,A
40,B,-X,4,,-4Z,180,12,12-01,40-01,3,J2,J2,22-01,39,40,cube side,A
41,A,-Y,5,,+4Z,295,16,16-04,46-02,4,J1,J1,12-04,46,44,cube side,B
41,B,+Y,5,,+4Z,295,16,16-03,46-01,4,J1,J1,12-03,46,44,cube side,B
42,A,-Y,5,,+3Z,265,16,16-02,44-02,4,J1,J1,12-02,46,44,cube side,A
42,B,+Y,5,,+3Z,265,16,16-01,44-01,4,J1,J1,12-01,46,44,cube side,A
43,A,-Y,5,,+2Z,265,15,15-06,02-04,3,J5,J5,06-06,2,4,cube side,B
43,B,+Y,5,,+2Z,265,15,15-05,02-03,3,J5,J5,06-05,2,4,cube side,B
44,A,-Y,5,,+1Z,240,15,15-08,04-04,3,J5,J5,06-08,2,4,cube side,A
44,B,+Y,5,,+1Z,240,15,15-07,04-03,3,J5,J5,06-07,2,4,cube side,A
45,A,-Y,5,,-1Z,240,15,15-10,02-06,3,J5,J5,06-10,2,4,cube side,B
45,B,+Y,5,,-1Z,240,15,15-09,02-05,3,J5,J5,06-09,2,4,cube side,B
46,A,-Y,5,,-2Z,240,15,15-12,04-06,3,J5,J5,06-12,2,4,cube side,A
46,B,+Y,5,,-2Z,240,15,15-11,04-05,3,J5,J5,06-11,2,4,cube side,A
47,A,-Y,5,,-3Z,210,15,15-14,02-08,3,J5,J5,06-14,2,4,cube side,B
47,B,+Y,5,,-3Z,210,15,15-13,02-07,3,J5,J5,06-13,2,4,cube side,B
48,A,-Y,5,,-4Z,210,15,15-16,04-08,3,J5,J5,06-16,2,4,cube side,A
48,B,+Y,5,,-4Z,210,15,15-15,04-07,3,J5,J5,06-15,2,4,cube side,A
49,A,-X,6,,+4Z,265,19,19-10,36-08,4,J4,J4,08-10,36,6,cube side,B
49,B,+X,6,,+4Z,265,19,19-09,36-07,4,J4,J4,08-09,36,6,cube side,B
50,A,-X,6,,+3Z,240,19,19-08,06-08,4,J4,J4,08-08,36,6,cube side,A
50,B,+X,6,,+3Z,240,19,19-07,06-07,4,J4,J4,08-07,36,6,cube side,A
51,A,-X,6,,+2Z,240,19,19-12,36-06,4,J4,J4,08-12,36,6,cube side,B
51,B,+X,6,,+2Z,240,19,19-11,36-05,4,J4,J4,08-11,36,6,cube side,B
52,A,-X,6,,+1Z,210,19,19-06,06-06,4,J4,J4,08-06,36,6,cube side,A
52,B,+X,6,,+1Z,210,19,19-05,06-05,4,J4,J4,08-05,36,6,cube side,A
53,A,-X,6,,-1Z,210,19,19-14,36-04,4,J4,J4,08-14,36,6,cube side,B
53,B,+X,6,,-1Z,210,19,19-13,36-03,4,J4,J4,08-13,36,6,cube side,B
54,A,-X,6,,-2Z,210,19,19-04,06-04,4,J4,J4,08-04,36,6,cube side,A
54,B,+X,6,,-2Z,210,19,19-03,06-03,4,J4,J4,08-03,36,6,cube side,A
55,A,-X,6,,-3Z,180,19,19-16,36-02,4,J4,J4,08-16,36,6,cube side,B
55,B,+X,6,,-3Z,180,19,19-15,36-01,4,J4,J4,08-15,36,6,cube side,B
56,A,-X,6,,-4Z,180,19,19-02,06-02,4,J4,J4,08-02,36,6,cube side,A
56,B,+X,6,,-4Z,180,19,19-01,06-01,4,J4,J4,08-01,36,6,cube side,A
57,A,+Z,E-X045,,0,240,11,11-04,22-02,3,J1,J1,05-04,26,22,corner,A
57,B,-Z,E-X045,,0,240,11,11-03,22-01,3,J1,J1,05-03,26,22,corner,A
58,A,+Z,E-X135,,0,240,13,13-14,18-08,3,J3,J3,09-14,9,18,corner,A
58,B,-Z,E-X135,,0,240,13,13-13,18-07,3,J3,J3,09-13,9,18,corner,A
59,A,+Z,E-X225,,0,240,17,17-04,17-02,4,J2,J2,21-04,7,17,corner,A
59,B,-Z,E-X225,,0,240,17,17-03,17-01,4,J2,J2,21-03,7,17,corner,A
60,A,+Z,E-X315,,0,240,7,7-14,19-08,2,J2,J2,19-14,20,19,corner,A
60,B,-Z,E-X315,,0,240,7,7-13,19-07,2,J2,J2,19-13,20,19,corner,A
61,A,-Y,7,,+6X,210,1,1-11,03-05,5,J1,J1,18-11,3,15,umbrella,B
61,B,+Y,7,,+6X,210,1,1-12,03-06,5,J1,J1,18-12,3,15,umbrella,B
62,A,-Y,7,,+5X,240,1,1-09,15-05,5,J1,J1,18-09,3,15,umbrella,A
62,B,+Y,7,,+5X,240,1,1-10,15-06,5,J1,J1,18-10,3,15,umbrella,A
63,A,-Y,7,,+4X,240,1,1-07,03-03,5,J1,J1,18-07,3,15,umbrella,B
63,B,+Y,7,,+4X,240,1,1-08,03-04,5,J1,J1,18-08,3,15,umbrella,B
64,A,-Y,7,,+3X,265,1,1-05,15-03,5,J1,J1,18-05,3,15,umbrella,A
64,B,+Y,7,,+3X,265,1,1-06,15-04,5,J1,J1,18-06,3,15,umbrella,A
65,A,-Y,7,,+2X,265,1,1-03,03-01,5,J1,J1,18-03,3,15,umbrella,B
65,B,+Y,7,,+2X,265,1,1-04,03-02,5,J1,J1,18-04,3,15,umbrella,B
66,A,-Y,7,,+1X,295,1,1-01,15-01,5,J1,J1,18-01,3,15,umbrella,A
66,B,+Y,7,,+1X,295,1,1-02,15-02,5,J1,J1,18-02,3,15,umbrella,A
67,A,-Y,7,,-1X,295,2,2-02,14-02,1,J2,J2,02-02,32,14,umbrella,A
67,B,+Y,7,,-1X,295,2,2-01,14-01,1,J2,J2,02-01,32,14,umbrella,A
68,A,-Y,7,,-2X,265,2,2-04,32-02,1,J2,J2,02-04,32,14,umbrella,B
68,B,+Y,7,,-2X,265,2,2-03,32-01,1,J2,J2,02-03,32,14,umbrella,B
69,A,-Y,7,,-3X,265,2,2-06,14-04,1,J2,J2,02-06,32,14,umbrella,A
69,B,+Y,7,,-3X,265,2,2-05,14-03,1,J2,J2,02-05,32,14,umbrella,A
70,A,-Y,7,,-4X,240,2,2-08,32-04,1,J2,J2,02-08,32,14,umbrella,B
70,B,+Y,7,,-4X,240,2,2-07,32-03,1,J2,J2,02-07,32,14,umbrella,B
71,A,-Y,7,,-5X,240,2,2-10,14-06,1,J2,J2,02-10,32,14,umbrella,A
71,B,+Y,7,,-5X,240,2,2-09,14-05,1,J2,J2,02-09,32,14,umbrella,A
72,A,-Y,7,,-6X,210,2,2-12,32-06,1,J2,J2,02-12,32,14,umbrella,B
72,B,+Y,7,,-6X,210,2,2-11,32-05,1,J2,J2,02-11,32,14,umbrella,B
73,A,+Y,8,,-3X,240,1,1-13,03-07,5,J1,J1,18-13,3,15,umbrella,B
73,B,-Y,8,,-3X,240,1,1-14,03-08,5,J1,J1,18-14,3,15,umbrella,B
74,A,+Y,8,,-2X,240,1,1-15,15-07,5,J1,J1,18-15,3,15,umbrella,A
74,B,-Y,8,,-2X,240,1,1-16,15-08,5,J1,J1,18-16,3,15,umbrella,A
75,A,+Y,8,,-1X,295,3,3-01,29-01,1,J3,J3,14-01,31,29,umbrella,A
75,B,-Y,8,,-1X,295,3,3-02,29-02,1,J3,J3,14-02,31,29,umbrella,A
76,A,+Y,8,,+1X,265,3,3-03,31-01,1,J3,J3,14-03,31,29,umbrella,B
76,B,-Y,8,,+1X,265,3,3-04,31-02,1,J3,J3,14-04,31,29,umbrella,B
77,A,+Y,8,,+2X,265,3,3-05,29-03,1,J3,J3,14-05,31,29,umbrella,A
77,B,-Y,8,,+2X,265,3,3-06,29-04,1,J3,J3,14-06,31,29,umbrella,A
78,A,+Y,8,,+3X,240,3,3-07,31-03,1,J3,J3,14-07,31,29,umbrella,B
78,B,-Y,8,,+3X,240,3,3-08,31-04,1,J3,J3,14-08,31,29,umbrella,B
79,A,-X,9,,-3Y,295,5,5-15,21-07,5,J5,J5,03-15,23,21,umbrella,A
79,B,+X,9,,-3Y,295,5,5-16,21-08,5,J5,J5,03-16,23,21,umbrella,A
80,A,-X,9,,-2Y,265,5,5-13,23-07,5,J5,J5,03-13,23,21,umbrella,B
80,B,+X,9,,-2Y,265,5,5-14,23-08,5,J5,J5,03-14,23,21,umbrella,B
81,A,-X,9,,-1Y,265,5,5-11,21-05,5,J5,J5,03-11,23,21,umbrella,A
81,B,+X,9,,-1Y,265,5,5-12,21-06,5,J5,J5,03-12,23,21,umbrella,A
82,A,-X,9,,+1Y,240,5,5-09,23-05,5,J5,J5,03-09,23,21,umbrella,B
82,B,+X,9,,+1Y,240,5,5-10,23-06,5,J5,J5,03-10,23,21,umbrella,B
83,A,-X,9,,+2Y,240,5,5-07,21-03,5,J5,J5,03-07,23,21,umbrella,A
83,B,+X,9,,+2Y,240,5,5-08,21-04,5,J5,J5,03-08,23,21,umbrella,A
84,A,-X,9,,+3Y,210,5,5-05,23-03,5,J5,J5,03-05,23,21,umbrella,B
84,B,+X,9,,+3Y,210,5,5-06,23-04,5,J5,J5,03-06,23,21,umbrella,B
85,A,-Y,10,,+3X,210,5,5-03,23-01,5,J5,J5,03-03,23,21,umbrella,B
85,B,+Y,10,,+3X,210,5,5-04,23-02,5,J5,J5,03-04,23,21,umbrella,B
86,A,-Y,10,,+2X,210,5,5-01,21-01,5,J5,J5,03-01,23,21,umbrella,A
86,B,+Y,10,,+2X,210,5,5-02,21-02,5,J5,J5,03-02,23,21,umbrella,A
87,A,-Y,10,,+1X,330,4,4-15,13-07,5,J4,J4,23-15,35,13,umbrella,A
87,B,+Y,10,,+1X,330,4,4-16,13-08,5,J4,J4,23-16,35,13,umbrella,A
88,A,-Y,10,,-1X,330,4,4-13,35-07,5,J4,J4,23-13,35,13,umbrella,B
88,B,+Y,10,,-1X,330,4,4-14,35-08,5,J4,J4,23-14,35,13,umbrella,B
89,A,-Y,10,,-2X,330,4,4-11,13-05,5,J4,J4,23-11,35,13,umbrella,A
89,B,+Y,10,,-2X,330,4,4-12,13-06,5,J4,J4,23-12,35,13,umbrella,A
90,A,-Y,10,,-3X,295,4,4-09,35-05,5,J4,J4,23-09,35,13,umbrella,B
90,B,+Y,10,,-3X,295,4,4-10,35-06,5,J4,J4,23-10,35,13,umbrella,B
91,A,-Y,11,,+3X,240,2,2-14,32-08,1,J2,J2,02-14,32,14,umbrella,B
91,B,+Y,11,,+3X,240,2,2-13,32-07,1,J2,J2,02-13,32,14,umbrella,B
92,A,-Y,11,,+2X,240,2,2-16,14-08,1,J2,J2,02-16,32,14,umbrella,A
92,B,+Y,11,,+2X,240,2,2-15,14-07,1,J2,J2,02-15,32,14,umbrella,A
93,A,-Y,11,,+1X,295,4,4-01,13-01,5,J4,J4,23-01,35,13,umbrella,A
93,B,+Y,11,,+1X,295,4,4-02,13-02,5,J4,J4,23-02,35,13,umbrella,A
94,A,-Y,11,,-1X,265,4,4-03,35-01,5,J4,J4,23-03,35,13,umbrella,B
94,B,+Y,11,,-1X,265,4,4-04,35-02,5,J4,J4,23-04,35,13,umbrella,B
95,A,-Y,11,,-2X,265,4,4-05,13-03,5,J4,J4,23-05,35,13,umbrella,A
95,B,+Y,11,,-2X,265,4,4-06,13-04,5,J4,J4,23-06,35,13,umbrella,A
96,A,-Y,11,,-3X,240,4,4-07,35-03,5,J4,J4,23-07,35,13,umbrella,B
96,B,+Y,11,,-3X,240,4,4-08,35-04,5,J4,J4,23-08,35,13,umbrella,B
97,A,+X,12,,+3Y,295,6,6-15,24-07,2,J1,J1,25-15,27,24,umbrella,A
97,B,-X,12,,+3Y,295,6,6-16,24-08,2,J1,J1,25-16,27,24,umbrella,A
98,A,+X,12,,+2Y,265,6,6-13,27-07,2,J1,J1,25-13,27,24,umbrella,B
98,B,-X,12,,+2Y,265,6,6-14,27-08,2,J1,J1,25-14,27,24,umbrella,B
99,A,+X,12,,+1Y,265,6,6-11,24-05,2,J1,J1,25-11,27,24,umbrella,A
99,B,-X,12,,+1Y,265,6,6-12,24-06,2,J1,J1,25-12,27,24,umbrella,A
100,A,+X,12,,-1Y,240,6,6-09,27-05,2,J1,J1,25-09,27,24,umbrella,B
100,B,-X,12,,-1Y,240,6,6-10,27-06,2,J1,J1,25-10,27,24,umbrella,B
101,A,+X,12,,-2Y,240,6,6-07,24-03,2,J1,J1,25-07,27,24,umbrella,A
101,B,-X,12,,-2Y,240,6,6-08,24-04,2,J1,J1,25-08,27,24,umbrella,A
102,A,+X,12,,-3Y,210,6,6-05,27-03,2,J1,J1,25-05,27,24,umbrella,B
102,B,-X,12,,-3Y,210,6,6-06,27-04,2,J1,J1,25-06,27,24,umbrella,B
103,A,+Y,13,,-3X,210,6,6-03,27-01,2,J1,J1,25-03,27,24,umbrella,B
103,B,-Y,13,,-3X,210,6,6-04,27-02,2,J1,J1,25-04,27,24,umbrella,B
104,A,+Y,13,,-2X,210,6,6-01,24-01,2,J1,J1,25-01,27,24,umbrella,A
104,B,-Y,13,,-2X,210,6,6-02,24-02,2,J1,J1,25-02,27,24,umbrella,A
105,A,+Y,13,,-1X,330,3,3-15,29-07,1,J3,J3,14-15,31,29,umbrella,A
105,B,-Y,13,,-1X,330,3,3-16,29-08,1,J3,J3,14-16,31,29,umbrella,A
106,A,+Y,13,,+1X,330,3,3-13,31-07,1,J3,J3,14-13,31,29,umbrella,B
106,B,-Y,13,,+1X,330,3,3-14,31-08,1,J3,J3,14-14,31,29,umbrella,B
107,A,+Y,13,,+2X,330,3,3-11,29-05,1,J3,J3,14-11,31,29,umbrella,A
107,B,-Y,13,,+2X,330,3,3-12,29-06,1,J3,J3,14-12,31,29,umbrella,A
108,A,+Y,13,,+3X,295,3,3-09,31-05,1,J3,J3,14-09,31,29,umbrella,B
108,B,-Y,13,,+3X,295,3,3-10,31-06,1,J3,J3,14-10,31,29,umbrella,B
109,A,-Y,14,,+5Z,330,9,9-16,08-08,2,J4,J4,13-16,8,30,cortina,B
109,B,+Y,14,,+5Z,330,9,9-15,08-07,2,J4,J4,13-15,8,30,cortina,B
110,A,-Y,14,,+4Z,295,9,9-14,30-08,2,J4,J4,13-14,8,30,cortina,A
110,B,+Y,14,,+4Z,295,9,9-13,30-07,2,J4,J4,13-13,8,30,cortina,A
111,A,-Y,14,,+3Z,330,10,10-16,01-08,2,J5,J5,15-16,1,11,cortina,B
111,B,+Y,14,,+3Z,330,10,10-15,01-07,2,J5,J5,15-15,1,11,cortina,B
112,A,-Y,14,,+2Z,330,10,10-14,11-08,2,J5,J5,15-14,1,11,cortina,A
112,B,+Y,14,,+2Z,330,10,10-13,11-07,2,J5,J5,15-13,1,11,cortina,A
113,A,-Y,14,,+1Z,330,11,11-10,26-08,3,J1,J1,05-10,26,22,cortina,B
113,B,+Y,14,,+1Z,330,11,11-09,26-07,3,J1,J1,05-09,26,22,cortina,B
114,A,-Y,14,,-1Z,330,11,11-08,26-06,3,J1,J1,05-08,26,22,cortina,B
114,B,+Y,14,,-1Z,330,11,11-07,26-05,3,J1,J1,05-07,26,22,cortina,B
115,A,-Y,14,,-2Z,295,11,11-06,26-04,3,J1,J1,05-06,26,22,cortina,B
115,B,+Y,14,,-2Z,295,11,11-05,26-03,3,J1,J1,05-05,26,22,cortina,B
116,A,-Y,14,,-3Z,265,7,7-02,20-02,2,J2,J2,19-02,20,19,cortina,B
116,B,+Y,14,,-3Z,265,7,7-01,20-01,2,J2,J2,19-01,20,19,cortina,B
117,A,-Y,14,,-4Z,265,7,7-04,19-02,2,J2,J2,19-04,20,19,cortina,A
117,B,+Y,14,,-4Z,265,7,7-03,19-01,2,J2,J2,19-03,20,19,cortina,A
118,A,-Y,14,,-5Z,240,7,7-06,20-04,2,J2,J2,19-06,20,19,cortina,B
118,B,+Y,14,,-5Z,240,7,7-05,20-03,2,J2,J2,19-05,20,19,cortina,B
119,A,+X,15,,+5Z,265,20,20-16,28-08,4,J5,J5,11-16,28,5,cortina,B
119,B,-X,15,,+5Z,265,20,20-15,28-07,4,J5,J5,11-15,28,5,cortina,B
120,A,+X,15,,+4Z,240,20,20-14,05-08,4,J5,J5,11-14,28,5,cortina,A
120,B,-X,15,,+4Z,240,20,20-13,05-07,4,J5,J5,11-13,28,5,cortina,A
121,A,+X,15,,+3Z,240,20,20-12,28-06,4,J5,J5,11-12,28,5,cortina,B
121,B,-X,15,,+3Z,240,20,20-11,28-05,4,J5,J5,11-11,28,5,cortina,B
122,A,+X,15,,+2Z,210,20,20-10,05-06,4,J5,J5,11-10,28,5,cortina,A
122,B,-X,15,,+2Z,210,20,20-09,05-05,4,J5,J5,11-09,28,5,cortina,A
123,A,+X,15,,+1Z,210,20,20-08,28-04,4,J5,J5,11-08,28,5,cortina,B
123,B,-X,15,,+1Z,210,20,20-07,28-03,4,J5,J5,11-07,28,5,cortina,B
124,A,+X,15,,-1Z,180,20,20-06,05-04,4,J5,J5,11-06,28,5,cortina,A
124,B,-X,15,,-1Z,180,20,20-05,05-03,4,J5,J5,11-05,28,5,cortina,A
125,A,+X,15,,-2Z,180,20,20-04,28-02,4,J5,J5,11-04,28,5,cortina,B
125,B,-X,15,,-2Z,180,20,20-03,28-01,4,J5,J5,11-03,28,5,cortina,B
126,A,+X,15,,-3Z,180,20,20-02,05-02,4,J5,J5,11-02,28,5,cortina,A
126,B,-X,15,,-3Z,180,20,20-01,05-01,4,J5,J5,11-01,28,5,cortina,A
127,A,+X,15,,-4Z,295,13,13-16,09-08,3,J3,J3,09-16,9,18,cortina,B
127,B,-X,15,,-4Z,295,13,13-15,09-07,3,J3,J3,09-15,9,18,cortina,B
128,A,+X,15,,-5Z,265,11,11-02,26-02,3,J1,J1,05-02,26,22,cortina,B
128,B,-X,15,,-5Z,265,11,11-01,26-01,3,J1,J1,05-01,26,22,cortina,B
129,A,+Y,16,,+5Z,330,15,15-02,02-02,3,J5,J5,06-02,2,4,cortina,B
129,B,-Y,16,,+5Z,330,15,15-01,02-01,3,J5,J5,06-01,2,4,cortina,B
130,A,+Y,16,,+4Z,295,15,15-04,04-02,3,J5,J5,06-04,2,4,cortina,A
130,B,-Y,16,,+4Z,295,15,15-03,04-01,3,J5,J5,06-03,2,4,cortina,A
131,A,+Y,16,,+3Z,330,14,14-02,41-02,3,J4,J4,07-02,41,42,cortina,B
131,B,-Y,16,,+3Z,330,14,14-01,41-01,3,J4,J4,07-01,41,42,cortina,B
132,A,+Y,16,,+2Z,330,14,14-04,42-02,3,J4,J4,07-04,41,42,cortina,A
132,B,-Y,16,,+2Z,330,14,14-03,42-01,3,J4,J4,07-03,41,42,cortina,A
133,A,+Y,16,,+1Z,330,13,13-08,09-02,3,J3,J3,09-08,9,18,cortina,B
133,B,-Y,16,,+1Z,330,13,13-07,09-01,3,J3,J3,09-07,9,18,cortina,B
134,A,+Y,16,,-1Z,330,13,13-10,09-04,3,J3,J3,09-10,9,18,cortina,B
134,B,-Y,16,,-1Z,330,13,13-09,09-03,3,J3,J3,09-09,9,18,cortina,B
135,A,+Y,16,,-2Z,295,13,13-12,09-06,3,J3,J3,09-12,9,18,cortina,B
135,B,-Y,16,,-2Z,295,13,13-11,09-05,3,J3,J3,09-11,9,18,cortina,B
136,A,+Y,16,,-3Z,265,17,17-16,07-08,4,J2,J2,21-16,7,17,cortina,B
136,B,-Y,16,,-3Z,265,17,17-15,07-07,4,J2,J2,21-15,7,17,cortina,B
137,A,+Y,16,,-4Z,265,17,17-14,17-08,4,J2,J2,21-14,7,17,cortina,A
137,B,-Y,16,,-4Z,265,17,17-13,17-07,4,J2,J2,21-13,7,17,cortina,A
138,A,+Y,16,,-5Z,240,17,17-12,07-06,4,J2,J2,21-12,7,17,cortina,B
138,B,-Y,16,,-5Z,240,17,17-11,07-05,4,J2,J2,21-11,7,17,cortina,B
139,A,-X,17,,+5Z,295,18,18-02,33-02,4,J3,J3,20-02,33,34,cortina,B
139,B,+X,17,,+5Z,295,18,18-01,33-01,4,J3,J3,20-01,33,34,cortina,B
140,A,-X,17,,+4Z,265,18,18-04,34-02,4,J3,J3,20-04,33,34,cortina,A
140,B,+X,17,,+4Z,265,18,18-03,34-01,4,J3,J3,20-03,33,34,cortina,A
141,A,-X,17,,+3Z,265,18,18-06,33-04,4,J3,J3,20-06,33,34,cortina,B
141,B,+X,17,,+3Z,265,18,18-05,33-03,4,J3,J3,20-05,33,34,cortina,B
142,A,-X,17,,+2Z,240,18,18-08,34-04,4,J3,J3,20-08,33,34,cortina,A
142,B,+X,17,,+2Z,240,18,18-07,34-03,4,J3,J3,20-07,33,34,cortina,A
143,A,-X,17,,+1Z,240,18,18-10,33-06,4,J3,J3,20-10,33,34,cortina,B
143,B,+X,17,,+1Z,240,18,18-09,33-05,4,J3,J3,20-09,33,34,cortina,B
144,A,-X,17,,-1Z,210,18,18-12,34-06,4,J3,J3,20-12,33,34,cortina,A
144,B,+X,17,,-1Z,210,18,18-11,34-05,4,J3,J3,20-11,33,34,cortina,A
145,A,-X,17,,-2Z,210,18,18-14,33-08,4,J3,J3,20-14,33,34,cortina,B
145,B,+X,17,,-2Z,210,18,18-13,33-07,4,J3,J3,20-13,33,34,cortina,B
146,A,-X,17,,-3Z,180,18,18-16,34-08,4,J3,J3,20-16,33,34,cortina,A
146,B,+X,17,,-3Z,180,18,18-15,34-07,4,J3,J3,20-15,33,34,cortina,A
147,A,-X,17,,-4Z,295,17,17-02,07-02,4,J2,J2,21-02,7,17,cortina,B
147,B,+X,17,,-4Z,295,17,17-01,07-01,4,J2,J2,21-01,7,17,cortina,B
148,A,-X,17,,-5Z,295,7,7-16,20-08,2,J2,J2,19-16,20,19,cortina,B
148,B,+X,17,,-5Z,295,7,7-15,20-07,2,J2,J2,19-15,20,19,cortina,B
149,A,+Z,18,,"+1X,-1Y",295,11,11-12,22-04,3,J1,J1,05-12,26,22,cortina,A
149,B,-Z,18,,"+1X,-1Y",295,11,11-11,22-03,3,J1,J1,05-11,26,22,cortina,A
150,A,+Z,18,,0,330,11,11-14,22-06,3,J1,J1,05-14,26,22,cortina,A
150,B,-Z,18,,0,330,11,11-13,22-05,3,J1,J1,05-13,26,22,cortina,A
151,A,+Z,18,,"-1X,+1Y",330,11,11-16,22-08,3,J1,J1,05-16,26,22,cortina,A
151,B,-Z,18,,"-1X,+1Y",330,11,11-15,22-07,3,J1,J1,05-15,26,22,cortina,A
152,A,+Z,19,,"+1X,+1Y",330,13,13-01,18-01,3,J3,J3,09-01,9,18,cortina,A
152,B,-Z,19,,"+1X,+1Y",330,13,13-02,18-02,3,J3,J3,09-02,9,18,cortina,A
153,A,+Z,19,,0,330,13,13-03,18-03,3,J3,J3,09-03,9,18,cortina,A
153,B,-Z,19,,0,330,13,13-04,18-04,3,J3,J3,09-04,9,18,cortina,A
154,A,+Z,19,,"-1X,-1Y",295,13,13-05,18-05,3,J3,J3,09-05,9,18,cortina,A
154,B,-Z,19,,"-1X,-1Y",295,13,13-06,18-06,3,J3,J3,09-06,9,18,cortina,A
155,A,+Z,20,,"-1X,+1Y",295,17,17-05,17-03,4,J2,J2,21-05,7,17,cortina,A
155,B,-Z,20,,"-1X,+1Y",295,17,17-06,17-04,4,J2,J2,21-06,7,17,cortina,A
156,A,+Z,20,,0,265,17,17-07,07-03,4,J2,J2,21-07,7,17,cortina,B
156,B,-Z,20,,0,265,17,17-08,07-04,4,J2,J2,21-08,7,17,cortina,B
157,A,+Z,20,,"+1X,-1Y",265,17,17-09,17-05,4,J2,J2,21-09,7,17,cortina,A
157,B,-Z,20,,"+1X,-1Y",265,17,17-10,17-06,4,J2,J2,21-10,7,17,cortina,A
158,A,+Z,21,,"-1X,-1Y",265,7,7-08,19-04,2,J2,J2,19-08,20,19,cortina,A
158,B,-Z,21,,"-1X,-1Y",265,7,7-07,19-03,2,J2,J2,19-07,20,19,cortina,A
159,A,+Z,21,,0,265,7,7-10,20-06,2,J2,J2,19-10,20,19,cortina,B
159,B,-Z,21,,0,265,7,7-09,20-05,2,J2,J2,19-09,20,19,cortina,B
160,A,+Z,21,,"+1X,+1Y",295,7,7-12,19-06,2,J2,J2,19-12,20,19,cortina,A
160,B,-Z,21,,"+1X,+1Y",295,7,7-11,19-05,2,J2,J2,19-11,20,19,cortina,A